Sample_no,Date,Week,GrowthLength,StemSize,FloweringScore
0,2022-03-30,30,208.0,6.9,16.67
1,2022-03-30,30,172.0,6.8,17.33
2,2022-03-30,30,150.0,9.3,16.0
3,2022-03-30,30,121.0,5.9,16.2
4,2022-04-06,31,175.0,5.8,17.4
5,2022-04-06,31,155.0,5.3,18.17
6,2022-04-06,31,195.0,8.2,17.0
7,2022-04-06,31,165.0,10.5,17.0
8,2022-04-13,32,125.0,4.2,18.25
10,2022-04-13,32,198.0,6.5,17.6
11,2022-04-13,32,141.0,9.2,17.8
13,2017-03-12,30,230.0,8.2,6.1
14,2017-03-12,30,250.0,12.8,7.4
15,2017-03-12,30,200.0,10.5,6.1
16,2017-03-19,31,140.0,10.0,7.0
17,2017-03-19,31,150.0,10.5,7.4
18,2017-03-19,31,160.0,13.3,6.7
20,2017-03-26,32,290.0,7.5,8.4
21,2017-03-26,32,180.0,9.0,6.8
22,2017-03-26,32,210.0,9.8,8.7
24,2017-04-30,37,230.0,8.2,6.0
25,2017-04-30,37,250.0,8.7,6.0
26,2017-04-30,37,300.0,8.0,7.0
32,2017-05-14,39,180.0,8.0,6.0
33,2017-05-14,39,170.0,9.2,6.0
34,2017-05-14,39,220.0,3.8,8.0
35,2017-05-14,39,200.0,4.6,7.0
36,2017-03-12,30,230.0,5.7,9.7
37,2017-03-12,30,210.0,4.5,8.4
38,2017-03-12,30,220.0,7.7,6.7
39,2017-03-12,30,240.0,4.5,8.0
41,2017-03-19,31,190.0,7.0,6.0
43,2017-03-19,31,220.0,7.5,7.4
44,2017-03-26,32,190.0,7.2,9.0
45,2017-03-26,32,200.0,7.7,6.7
46,2017-03-26,32,190.0,5.5,6.0
47,2017-03-26,32,200.0,7.5,8.3
48,2017-03-12,32,6700.0,8.34,9.0
49,2017-03-12,32,5200.0,10.89,7.3
50,2017-03-12,32,7300.0,7.96,7.0
51,2017-03-12,32,6800.0,10.52,5.7
52,2017-03-19,33,257.0,7.12,4.7
53,2017-03-19,33,271.0,9.05,4.0
54,2017-03-19,33,258.0,6.97,3.3
55,2017-03-19,33,237.0,7.16,2.7
58,2017-03-26,34,194.0,7.22,0.0
59,2017-03-26,34,236.0,7.86,0.0
60,2017-04-16,37,170.0,4.58,2.0
61,2017-04-16,37,220.0,2.56,2.0
62,2017-04-16,37,220.0,5.87,2.0
63,2017-04-16,37,230.0,4.53,1.6
64,2017-04-23,38,223.0,3.9,2.0
65,2017-04-23,38,203.0,7.86,1.0
66,2017-04-23,38,220.0,7.61,1.0
67,2017-04-23,38,180.0,7.55,2.0
68,2017-04-30,39,200.0,6.21,1.0
69,2017-04-30,39,170.0,7.74,1.6
70,2017-04-30,39,190.0,7.72,2.0
72,2017-03-19,33,120.0,9.0,6.3
73,2017-03-19,33,160.0,10.0,6.3
74,2017-03-19,33,140.0,8.8,7.0
76,2017-03-26,34,340.0,8.0,6.7
77,2017-03-26,34,220.0,8.1,7.1
78,2017-03-26,34,210.0,7.0,7.3
79,2017-03-26,34,220.0,9.6,7.4
80,2019-10-15,10,0.0,5.0,0.2
81,2019-10-15,10,0.0,4.0,0.2
82,2019-10-15,10,0.0,5.0,0.4
83,2019-10-15,10,0.0,6.0,0.2
84,2019-10-22,11,315.0,5.6,1.1
86,2019-10-22,11,280.0,6.1,1.3
87,2019-10-22,11,295.0,9.7,1.3
88,2019-10-29,12,305.0,9.3,3.9
89,2019-10-29,12,352.0,12.0,4.2
90,2019-10-29,12,268.0,8.0,4.4
91,2019-10-29,12,285.0,10.9,4.6
92,2019-11-05,13,272.0,4.8,5.4
93,2019-11-05,13,242.0,4.9,6.5
94,2019-11-05,13,203.0,7.9,6.9
95,2019-11-05,13,250.0,6.2,7.1
98,2019-11-12,14,235.0,5.8,5.1
99,2019-11-12,14,232.0,10.9,5.7
100,2019-11-19,15,151.0,7.4,6.9
102,2019-11-19,15,49.0,10.8,7.2
104,2019-11-26,16,29.0,12.0,6.9
105,2019-11-26,16,31.0,6.8,3.7
106,2019-11-26,16,34.0,8.8,7.2
108,2019-12-03,17,41.0,12.2,0.0
109,2019-12-03,17,35.0,11.3,0.0
112,2019-12-10,18,168.0,10.1,0.0
113,2019-12-10,18,105.0,7.3,0.0
114,2019-12-10,18,143.0,11.0,0.0
115,2019-12-10,18,85.0,7.8,0.0
117,2019-12-17,19,130.0,7.0,0.0
119,2019-12-17,19,73.0,6.7,0.0
120,2019-12-24,20,187.0,10.3,15.5
121,2019-12-24,20,125.0,8.2,12.2
122,2019-12-24,20,153.0,14.2,12.4
123,2019-12-24,20,76.0,8.6,11.3
125,2019-12-31,21,152.0,11.4,13.3
126,2019-12-31,21,253.0,10.4,13.4
127,2019-12-31,21,90.0,7.9,12.5
128,2017-02-12,20,0.0,10.6,5.4
129,2017-02-12,20,0.0,10.9,6.4
130,2017-02-12,20,0.0,8.4,8.8
131,2017-02-12,20,0.0,10.6,7.5
132,2017-02-19,21,180.0,9.5,6.4
133,2017-02-19,21,0.0,11.2,5.7
135,2017-02-19,21,230.0,10.2,7.2
136,2017-02-26,22,80.0,11.4,6.4
138,2017-02-26,22,70.0,10.0,7.7
140,2017-03-05,23,200.0,9.15,7.1
141,2017-03-05,23,160.0,13.8,7.1
142,2017-03-05,23,180.0,10.7,7.4
144,2017-03-12,24,180.0,8.0,8.1
145,2017-03-12,24,160.0,11.6,7.3
146,2017-03-12,24,220.0,8.5,8.0
147,2017-03-12,24,210.0,9.8,7.4
148,2017-03-19,25,190.0,10.8,7.7
150,2017-03-19,25,90.0,9.5,8.6
151,2017-03-19,25,120.0,14.0,7.3
155,2017-04-09,28,250.0,8.2,6.0
156,2017-05-07,32,320.0,6.8,7.0
157,2017-05-07,32,330.0,3.4,8.0
158,2017-05-07,32,330.0,5.2,6.0
160,2017-05-14,33,230.0,5.1,8.0
161,2017-05-14,33,170.0,6.3,7.0
162,2017-05-14,33,240.0,3.6,8.0
163,2017-05-14,33,240.0,8.4,6.0
164,2017-05-21,34,180.0,3.5,8.0
165,2017-05-21,34,160.0,4.0,7.0
166,2017-05-21,34,170.0,6.0,7.0
167,2017-05-21,34,180.0,5.0,7.0
168,2017-05-28,35,0.0,0.0,0.0
169,2017-05-28,35,0.0,0.0,0.0
171,2017-05-28,35,0.0,0.0,0.0
172,2017-10-29,57,990.0,12.0,2.0
175,2017-10-29,57,1080.0,11.0,2.0
177,2017-11-05,58,220.0,12.0,3.0
178,2017-11-05,58,220.0,12.0,3.0
179,2017-11-05,58,270.0,9.0,4.0
180,2017-11-12,59,120.0,11.0,4.0
181,2017-11-12,59,120.0,11.0,4.0
182,2017-11-12,59,110.0,11.0,4.0
183,2017-11-12,59,110.0,13.0,3.0
184,2017-11-19,60,60.0,9.0,5.0
186,2017-11-19,60,60.0,9.0,5.0
187,2017-11-19,60,70.0,7.0,5.0
188,2017-11-26,61,80.0,8.0,6.0
192,2017-12-03,62,30.0,11.0,6.0
194,2017-12-03,62,60.0,9.0,5.0
195,2017-12-03,62,70.0,9.0,6.0
196,2017-12-10,63,40.0,9.0,7.0
197,2017-12-10,63,100.0,10.0,7.0
199,2017-12-10,63,110.0,8.0,7.0
200,2017-12-17,64,70.0,10.0,7.0
202,2017-12-17,64,60.0,12.0,7.0
205,2017-12-24,65,60.0,7.0,8.0
206,2017-12-24,65,40.0,12.0,8.0
208,2017-12-31,66,60.0,12.0,7.0
209,2017-12-31,66,60.0,11.0,8.0
210,2017-12-31,66,40.0,9.0,8.0
211,2017-12-31,66,50.0,10.0,8.0
212,2018-02-04,71,40.0,12.0,8.0
213,2018-02-04,71,70.0,12.0,8.0
214,2018-02-04,71,90.0,12.0,7.0
215,2018-02-04,71,60.0,14.0,8.0
217,2018-02-11,72,40.0,12.0,9.0
218,2018-02-11,72,90.0,10.0,8.0
219,2018-02-11,72,140.0,14.0,7.0
220,2018-10-14,3,600.0,11.0,0.4
221,2018-10-14,3,620.0,11.0,0.4
222,2018-10-14,3,600.0,10.5,0.2
224,2018-10-15,3,600.0,11.0,0.4
226,2018-10-15,3,600.0,10.5,0.2
227,2018-10-15,3,600.0,11.0,0.4
229,2018-10-22,4,200.0,13.0,0.4
230,2018-10-22,4,210.0,12.0,0.6
233,2018-10-29,5,230.0,11.0,0.8
234,2018-10-29,5,230.0,12.0,0.4
235,2018-10-29,5,220.0,12.0,0.4
236,2018-11-05,6,220.0,12.5,0.6
237,2018-11-05,6,210.0,11.0,0.4
239,2018-11-05,6,230.0,14.0,0.2
240,2018-11-12,7,200.0,12.0,0.8
242,2018-11-12,7,230.0,10.0,0.6
243,2018-11-12,7,220.0,9.0,0.4
245,2018-11-19,8,200.0,11.0,3.83
246,2018-11-19,8,210.0,11.0,3.43
248,2018-11-26,9,280.0,11.0,2.0
251,2018-11-26,9,270.0,12.0,2.0
252,2018-12-03,10,170.0,10.0,3.0
253,2018-12-03,10,150.0,8.0,3.6
254,2018-12-03,10,170.0,8.0,4.0
255,2018-12-03,10,160.0,11.0,3.75
257,2018-12-10,11,0.0,9.0,4.33
260,2018-12-17,12,0.0,10.0,2.75
262,2018-12-17,12,0.0,10.0,3.75
263,2018-12-17,12,0.0,11.0,4.4
265,2021-02-07,7,80.0,10.0,2.6
266,2021-02-07,7,130.0,10.0,2.8
271,2021-02-15,8,160.0,10.0,3.2
272,2021-02-22,9,200.0,11.0,3.2
273,2021-02-22,9,180.0,10.0,3.4
274,2021-02-22,9,180.0,10.0,2.8
276,2021-03-01,10,70.0,13.0,2.8
278,2021-03-01,10,80.0,13.0,3.6
279,2021-03-01,10,180.0,13.0,3.8
280,2021-03-08,11,170.0,13.0,2.8
281,2021-03-08,11,110.0,13.0,3.2
282,2021-03-08,11,70.0,13.0,3.2
283,2021-03-08,11,140.0,13.0,2.8
284,2021-03-15,12,120.0,14.0,3.4
285,2021-03-15,12,70.0,13.0,3.6
286,2021-03-15,12,160.0,14.0,3.8
288,2021-03-22,13,180.0,14.0,3.6
291,2021-03-22,13,300.0,14.0,3.6
292,2021-03-29,14,150.0,14.0,3.8
293,2021-03-29,14,180.0,14.0,3.6
294,2021-03-29,14,180.0,14.0,3.8
295,2021-03-29,14,120.0,14.0,3.4
296,2021-04-05,15,150.0,15.0,3.2
297,2021-04-05,15,160.0,15.0,3.2
298,2021-04-05,15,150.0,16.0,3.8
299,2021-04-05,15,160.0,15.0,2.6
300,2021-04-11,16,150.0,17.0,3.8
301,2021-04-11,16,140.0,17.0,3.8
302,2021-04-11,16,150.0,17.0,4.2
303,2021-04-11,16,160.0,17.0,4.2
304,2021-04-26,18,110.0,17.0,3.8
305,2021-04-26,18,100.0,17.0,3.8
306,2021-04-26,18,100.0,17.0,4.2
307,2021-04-26,18,120.0,17.0,4.4
308,2021-05-10,20,100.0,17.0,3.2
309,2021-05-10,20,110.0,17.0,2.8
311,2021-05-10,20,100.0,17.0,3.2
312,2021-12-10,1,0.0,13.48,1.15
313,2021-12-10,1,880.0,13.51,1.0
314,2021-12-10,1,930.0,11.31,1.0
315,2021-12-10,1,950.0,10.61,1.5
316,2021-12-23,3,230.0,15.11,2.5
317,2021-12-23,3,50.0,11.98,2.15
318,2021-12-23,3,65.0,13.21,1.85
319,2021-12-23,3,93.0,14.25,2.5
323,2017-03-12,28,0.0,5.67,4.7
324,2017-03-19,29,495.0,8.89,5.0
325,2017-03-19,29,607.0,8.38,3.0
326,2017-03-19,29,376.0,8.91,5.7
327,2017-03-19,29,447.0,8.66,3.7
328,2017-03-26,30,270.0,7.14,7.7
331,2017-03-26,30,210.0,7.97,6.3
332,2017-04-02,31,50.0,6.62,2.0
333,2017-04-02,31,10.0,9.5,1.0
335,2017-04-02,31,50.0,6.76,1.0
337,2017-04-09,32,45.0,8.21,7.0
338,2017-04-09,32,80.0,8.04,6.0
339,2017-04-09,32,30.0,7.46,7.0
340,2017-04-16,33,0.0,10.43,5.0
342,2017-04-16,33,45.0,8.56,5.0
343,2017-04-16,33,55.0,8.3,6.0
344,2017-04-23,34,130.0,5.5,1.0
346,2017-04-23,34,170.0,5.9,1.0
348,2017-04-30,35,190.0,6.76,1.0
349,2017-04-30,35,130.0,8.4,1.0
350,2017-04-30,35,130.0,8.65,1.0
351,2017-04-30,35,240.0,6.86,1.0
352,2017-05-07,36,190.0,6.12,2.0
353,2017-05-07,36,170.0,7.23,1.6
357,2017-09-10,4,1000.0,10.67,1.0
358,2017-09-10,4,930.0,9.93,1.0
359,2017-09-10,4,840.0,9.27,1.0
360,2017-10-01,7,560.0,8.4,2.6
362,2017-10-01,7,550.0,7.86,2.0
364,2017-10-08,8,240.0,8.72,2.0
366,2017-10-08,8,200.0,8.66,1.0
369,2017-10-15,9,190.0,8.36,1.0
370,2017-10-15,9,80.0,7.34,1.3
373,2017-10-22,10,60.0,6.76,0.8
374,2017-10-22,10,80.0,6.8,1.0
375,2017-10-22,10,100.0,6.49,0.0
376,2017-10-29,11,140.0,7.02,1.0
377,2017-10-29,11,160.0,8.37,1.2
378,2017-10-29,11,180.0,7.12,1.0
379,2017-10-29,11,220.0,8.72,1.0
380,2017-11-05,12,80.0,6.78,1.0
381,2017-11-05,12,90.0,7.2,1.0
383,2017-11-05,12,40.0,6.2,1.0
384,2017-11-12,13,50.0,6.71,1.0
385,2017-11-12,13,40.0,5.75,1.0
386,2017-11-12,13,70.0,6.37,1.0
387,2017-11-12,13,60.0,6.42,2.0
388,2017-11-19,14,80.0,6.36,1.4
389,2017-11-19,14,77.0,5.4,1.2
390,2017-11-19,14,70.0,4.92,1.4
392,2017-11-26,15,90.0,4.86,2.0
393,2017-11-26,15,80.0,5.77,2.0
394,2017-11-26,15,70.0,5.56,1.2
395,2017-11-26,15,67.0,4.84,1.8
397,2017-12-03,16,80.0,6.03,1.4
398,2017-12-03,16,40.0,6.66,2.0
400,2017-12-10,17,70.0,5.49,2.0
403,2017-12-10,17,50.0,4.05,2.2
404,2017-12-17,18,30.0,5.95,1.4
405,2017-12-17,18,50.0,6.64,1.0
406,2017-12-17,18,34.0,6.31,2.0
407,2017-12-17,18,28.0,5.65,1.6
411,2017-12-24,19,10.0,5.06,2.0
413,2017-12-24,19,14.0,5.88,2.0
416,2017-12-31,20,70.0,6.35,1.2
419,2017-12-31,20,40.0,5.42,1.2
421,2018-01-07,21,40.0,8.72,2.0
422,2018-01-07,21,27.0,7.78,2.0
423,2018-01-07,21,36.0,8.54,1.2
424,2018-01-14,22,90.0,8.26,1.6
425,2018-01-14,22,70.0,8.43,1.2
426,2018-01-14,22,80.0,8.55,2.0
428,2018-01-21,23,60.0,9.11,2.0
429,2018-01-21,23,100.0,9.66,1.0
432,2018-01-28,24,110.0,9.16,1.0
433,2018-01-28,24,80.0,8.94,1.0
434,2018-01-28,24,80.0,9.95,1.0
435,2018-01-28,24,77.0,10.69,1.0
436,2018-02-04,25,100.0,9.34,2.0
438,2018-02-04,25,60.0,9.05,1.5
439,2018-02-04,25,70.0,9.08,1.0
440,2018-02-11,26,30.0,10.86,1.0
441,2018-02-11,26,47.0,7.96,2.0
442,2018-02-11,26,80.0,10.41,1.0
443,2018-02-11,26,60.0,8.84,1.0
444,2018-02-18,27,110.0,10.35,1.0
445,2018-02-18,27,140.0,9.37,1.0
446,2018-02-18,27,110.0,10.59,1.0
447,2018-02-18,27,117.0,10.05,1.0
448,2018-02-25,28,140.0,10.35,1.0
449,2018-02-25,28,150.0,8.77,1.0
450,2018-02-25,28,130.0,7.26,2.0
452,2018-10-07,2,200.0,6.1,0.0
453,2018-10-07,2,170.0,9.0,0.0
455,2018-10-07,2,190.0,6.1,0.0
457,2018-10-08,3,170.0,9.0,0.0
458,2018-10-08,3,190.0,5.5,0.0
459,2018-10-08,3,190.0,6.1,0.0
460,2018-10-15,4,180.0,5.4,0.0
461,2018-10-15,4,130.0,5.7,0.0
462,2018-10-15,4,180.0,5.4,0.0
464,2018-10-22,5,220.0,6.1,0.0
465,2018-10-22,5,320.0,6.0,0.0
466,2018-10-22,5,280.0,6.2,0.0
468,2018-10-29,6,320.0,10.4,1.0
469,2018-10-29,6,300.0,10.0,1.0
470,2018-10-29,6,320.0,10.1,1.0
471,2018-10-29,6,310.0,11.3,1.0
472,2018-11-05,7,380.0,12.4,1.0
473,2018-11-05,7,380.0,11.5,1.0
474,2018-11-05,7,430.0,12.6,1.0
475,2018-11-05,7,380.0,10.6,1.0
476,2018-11-12,8,260.0,11.6,0.64
477,2018-11-12,8,230.0,9.5,0.56
479,2018-11-12,8,250.0,10.3,0.71
480,2018-11-19,9,260.0,10.9,0.38
481,2018-11-19,9,255.0,10.0,0.38
482,2018-11-19,9,225.0,13.1,0.59
483,2018-11-19,9,240.0,12.5,0.55
484,2018-11-26,10,265.0,9.7,1.5
485,2018-11-26,10,305.0,10.1,2.83
486,2018-11-26,10,270.0,10.5,1.61
488,2018-12-03,11,250.0,10.5,1.55
489,2018-12-03,11,230.0,10.1,2.78
490,2018-12-03,11,230.0,11.1,1.46
492,2018-12-10,12,185.0,8.1,1.54
493,2018-12-10,12,180.0,9.0,2.79
494,2018-12-10,12,210.0,8.9,1.36
495,2018-12-10,12,190.0,8.6,1.41
498,2018-12-17,13,230.0,6.4,3.58
499,2018-12-17,13,225.0,9.7,2.38
500,2018-12-24,14,210.0,7.5,4.73
501,2018-12-24,14,205.0,7.7,4.7
502,2018-12-24,14,200.0,7.3,4.67
503,2018-12-24,14,230.0,8.4,4.77
504,2018-12-31,15,135.0,7.4,4.79
505,2018-12-31,15,140.0,7.4,4.77
506,2018-12-31,15,150.0,7.2,4.62
508,2019-01-07,16,130.0,8.1,4.65
509,2019-01-07,16,185.0,8.0,4.67
510,2019-01-07,16,170.0,7.6,4.25
511,2019-01-07,16,220.0,7.8,5.35
512,2019-01-14,17,0.0,6.6,7.0
513,2019-01-14,17,0.0,7.8,5.7
516,2019-01-21,18,30.0,7.0,6.85
517,2019-01-21,18,40.0,8.4,6.88
518,2019-01-21,18,50.0,7.8,6.5
519,2019-01-21,18,20.0,7.2,6.73
520,2019-02-04,20,195.0,9.0,6.43
521,2019-02-04,20,225.0,7.5,6.56
522,2019-02-04,20,205.0,7.0,7.71
523,2019-02-04,20,235.0,8.4,8.9
524,2019-02-11,21,130.0,6.2,7.38
526,2019-02-11,21,200.0,7.5,9.0
527,2019-02-11,21,215.0,7.9,7.45
528,2019-02-18,22,130.0,7.6,9.0
529,2019-02-18,22,140.0,8.8,8.71
530,2019-02-18,22,205.0,7.7,8.71
531,2019-02-18,22,215.0,8.1,8.35
532,2019-02-25,23,150.0,8.1,8.75
534,2019-02-25,23,210.0,8.7,8.6
535,2019-02-25,23,195.0,8.6,9.6
537,2019-03-04,24,220.0,9.5,8.55
538,2019-03-04,24,230.0,9.1,9.63
539,2019-03-04,24,130.0,7.8,9.43
540,2019-03-11,25,186.0,10.1,9.64
541,2019-03-11,25,180.0,10.2,9.38
543,2019-03-11,25,242.0,7.9,10.45
544,2019-03-18,26,200.0,8.5,10.63
545,2019-03-18,26,201.0,8.0,10.54
547,2019-03-18,26,172.0,7.5,11.67
548,2019-03-25,27,198.0,6.9,11.67
549,2019-03-25,27,230.0,10.8,11.5
550,2019-03-25,27,212.0,9.0,11.5
551,2019-03-25,27,205.0,6.5,12.83
553,2019-04-01,28,203.0,9.7,12.73
554,2019-04-01,28,260.0,8.4,12.7
555,2019-04-01,28,224.0,5.2,13.43
556,2019-04-08,29,197.0,9.6,12.73
557,2019-04-08,29,243.0,8.3,13.8
558,2019-04-08,29,212.0,7.7,13.86
560,2019-04-15,30,247.0,8.1,13.6
561,2019-04-15,30,236.0,7.3,13.47
562,2019-04-15,30,211.0,5.3,13.42
563,2019-04-15,30,217.0,7.1,14.6
566,2017-03-12,16,0.0,9.81,14.0
567,2017-03-12,16,0.0,8.34,11.3
568,2017-03-19,17,358.0,7.46,8.0
570,2017-03-19,17,381.0,8.57,8.0
573,2017-03-26,18,89.0,9.79,26.7
574,2017-03-26,18,263.0,5.64,41.0
576,2017-04-30,23,150.0,3.63,2.4
577,2017-04-30,23,170.0,4.55,2.0
578,2017-04-30,23,80.0,7.76,2.2
579,2017-04-30,23,60.0,9.74,2.8
580,2017-02-26,22,0.0,9.5,5.4
581,2017-02-26,22,0.0,9.4,6.4
582,2017-02-26,22,0.0,10.0,4.7
583,2017-02-26,22,0.0,12.45,5.4
584,2017-03-05,23,180.0,10.5,6.1
586,2017-03-05,23,220.0,11.65,6.7
590,2017-03-12,24,200.0,11.4,5.3
591,2017-03-12,24,180.0,9.9,7.0
594,2017-03-19,25,200.0,11.9,6.3
595,2017-03-19,25,180.0,9.0,8.3
597,2017-03-26,26,160.0,8.4,5.7
598,2017-03-26,26,190.0,9.5,5.7
600,2017-04-02,27,230.0,9.0,5.7
601,2017-04-02,27,200.0,4.8,6.7
602,2017-04-02,27,250.0,9.2,7.0
604,2017-04-09,28,210.0,105.0,6.0
605,2017-04-09,28,220.0,10.9,6.0
606,2017-04-09,28,230.0,9.0,6.0
607,2017-04-09,28,220.0,10.4,6.7
608,2017-04-16,29,250.0,11.8,6.3
609,2017-04-16,29,260.0,12.0,4.3
611,2017-04-16,29,240.0,11.7,7.3
613,2017-04-23,30,160.0,8.5,6.0
614,2017-04-23,30,140.0,9.2,6.3
615,2017-04-23,30,120.0,11.0,7.7
616,2017-04-30,31,220.0,8.5,7.0
617,2017-04-30,31,210.0,3.5,6.0
618,2017-04-30,31,170.0,9.2,6.0
619,2017-04-30,31,200.0,8.0,6.0
620,2017-05-07,32,230.0,6.7,7.0
621,2017-05-07,32,310.0,10.0,7.0
622,2017-05-07,32,300.0,7.3,7.0
623,2017-05-07,32,200.0,10.6,7.0
624,2017-05-14,33,220.0,3.5,7.0
625,2017-05-14,33,180.0,8.0,7.0
626,2017-05-14,33,180.0,5.1,7.0
627,2017-05-14,33,220.0,6.8,7.0
630,2017-05-21,34,0.0,0.0,0.0
631,2017-05-21,34,0.0,0.0,0.0
632,2017-10-29,57,1170.0,13.0,2.0
635,2017-10-29,57,1030.0,14.0,2.0
637,2017-11-05,58,180.0,13.0,3.0
638,2017-11-05,58,240.0,13.0,3.0
640,2017-11-12,59,140.0,10.0,4.0
641,2017-11-12,59,150.0,12.0,4.0
643,2017-11-12,59,180.0,12.0,4.0
644,2017-11-19,60,110.0,13.0,4.0
647,2017-11-19,60,110.0,12.0,5.0
649,2017-11-26,61,70.0,13.0,4.0
653,2017-12-03,62,30.0,11.0,6.0
655,2017-12-03,62,50.0,11.0,6.0
656,2017-12-10,63,50.0,7.0,7.0
657,2017-12-10,63,30.0,10.0,8.0
659,2017-12-10,63,130.0,10.0,7.0
661,2017-12-17,64,70.0,7.0,8.0
662,2017-12-17,64,100.0,10.0,8.0
663,2017-12-17,64,110.0,11.0,8.0
664,2017-12-24,65,90.0,8.0,8.0
665,2017-12-24,65,50.0,10.0,9.0
666,2017-12-24,65,90.0,8.0,9.0
667,2017-12-24,65,60.0,9.0,9.0
668,2017-12-31,66,100.0,11.0,8.0
669,2017-12-31,66,50.0,10.0,8.0
670,2017-12-31,66,20.0,11.0,8.0
672,2018-01-07,67,60.0,9.0,8.0
675,2018-01-07,67,80.0,12.0,9.0
676,2018-01-14,68,50.0,11.0,8.0
677,2018-01-14,68,80.0,10.0,8.0
678,2018-01-14,68,80.0,11.0,8.0
679,2018-01-14,68,70.0,10.0,9.0
680,2018-01-21,69,70.0,11.0,8.0
681,2018-01-21,69,30.0,12.0,8.0
682,2018-01-21,69,40.0,11.0,8.0
684,2018-01-28,70,30.0,9.0,9.0
685,2018-01-28,70,50.0,11.0,8.0
686,2018-01-28,70,40.0,10.0,9.0
687,2018-01-28,70,40.0,12.0,9.0
688,2018-02-04,71,30.0,13.0,8.0
692,2018-02-11,72,80.0,12.0,8.0
693,2018-02-11,72,80.0,14.0,9.0
694,2018-02-11,72,90.0,9.0,10.0
695,2018-02-11,72,110.0,12.0,8.0
696,2018-02-18,73,80.0,11.0,8.0
697,2018-02-18,73,40.0,8.0,10.0
698,2018-02-18,73,50.0,8.0,10.0
699,2018-02-18,73,50.0,11.0,9.0
700,2018-02-25,74,50.0,6.0,9.0
701,2018-02-25,74,20.0,11.0,10.0
702,2018-02-25,74,30.0,13.0,9.0
703,2018-02-25,74,30.0,13.0,9.0
704,2018-10-14,2,480.0,9.5,0.2
706,2018-10-14,2,500.0,10.0,0.2
707,2018-10-14,2,600.0,11.0,0.6
708,2018-10-15,2,480.0,9.5,0.2
709,2018-10-15,2,520.0,15.5,0.4
710,2018-10-15,2,500.0,10.0,0.2
711,2018-10-15,2,600.0,11.0,0.6
714,2018-10-22,3,330.0,14.2,0.6
716,2018-10-29,4,290.0,13.0,0.2
717,2018-10-29,4,280.0,12.2,0.6
718,2018-10-29,4,350.0,11.8,0.4
719,2018-10-29,4,310.0,12.0,0.6
720,2018-11-05,5,150.0,11.0,0.8
721,2018-11-05,5,210.0,10.0,0.8
724,2018-11-12,6,280.0,12.0,0.2
726,2018-11-12,6,250.0,13.0,0.4
731,2018-11-19,7,220.0,12.0,4.75
733,2018-11-26,8,180.0,7.0,1.6
734,2018-11-26,8,170.0,8.0,2.0
736,2018-12-03,9,150.0,10.0,4.33
737,2018-12-03,9,100.0,11.0,3.8
738,2018-12-03,9,90.0,9.0,2.57
739,2018-12-03,9,140.0,11.0,5.0
740,2018-12-10,10,160.0,11.0,3.4
742,2018-12-10,10,150.0,10.0,4.5
743,2018-12-10,10,140.0,12.0,4.6
745,2018-12-17,11,120.0,10.0,3.25
746,2018-12-17,11,170.0,11.0,0.67
747,2018-12-17,11,160.0,11.0,0.5
748,2021-01-06,15,126.0,8.9,6.25
749,2021-01-06,15,142.0,6.9,7.2
751,2021-01-06,15,132.0,9.2,6.5
752,2021-02-03,19,225.0,6.5,11.2
753,2021-02-03,19,174.0,6.2,10.6
754,2021-02-03,19,185.0,6.4,10.2
756,2021-02-10,20,231.0,10.2,11.5
758,2021-02-10,20,220.0,10.6,11.6
759,2021-02-10,20,213.0,6.1,11.2
760,2021-03-03,23,177.0,9.2,13.8
761,2021-03-03,23,174.0,8.9,11.8
762,2021-03-03,23,137.0,7.5,12.6
763,2021-03-03,23,212.0,9.9,12.8
764,2021-03-24,26,172.0,6.8,15.5
765,2021-03-24,26,242.0,6.2,14.2
766,2021-03-24,26,203.0,7.1,14.5
767,2021-03-24,26,218.0,7.3,15.0
768,2021-04-07,28,199.0,3.7,17.2
769,2021-04-07,28,165.0,6.7,15.6
770,2021-04-07,28,140.0,6.5,16.0
771,2021-04-07,28,191.0,5.5,16.5
772,2021-04-14,29,167.0,7.9,18.0
773,2021-04-14,29,179.0,4.8,16.6
774,2021-04-14,29,188.0,5.6,16.5
775,2021-04-14,29,158.0,3.5,17.25
776,2021-04-21,30,230.0,6.3,18.6
777,2021-04-21,30,221.0,4.0,17.25
778,2021-04-21,30,207.0,7.4,17.0
780,2021-04-29,31,232.0,5.6,19.4
782,2021-04-29,31,180.0,6.1,18.0
784,2021-06-03,36,40.0,7.3,21.0
785,2021-06-03,36,77.0,5.0,21.2
786,2021-06-03,36,127.0,6.9,19.0
787,2021-06-03,36,56.0,6.2,20.0
788,2021-06-23,39,0.0,9.1,21.0
791,2021-06-23,39,0.0,6.7,20.0
792,2018-10-07,8,2210.0,14.1,4.6
796,2018-10-19,9,270.0,14.5,4.67
797,2018-10-19,9,430.0,12.7,4.75
798,2018-10-19,9,250.0,11.1,4.5
799,2018-10-19,9,350.0,12.3,4.5
800,2018-10-24,10,160.0,9.6,5.75
801,2018-10-24,10,180.0,15.2,4.0
802,2018-10-24,10,190.0,11.9,5.0
803,2018-10-24,10,180.0,8.8,6.0
804,2018-11-01,11,250.0,12.5,5.5
806,2018-11-01,11,340.0,10.5,5.5
807,2018-11-01,11,280.0,9.7,6.71
808,2018-11-08,12,220.0,9.1,6.5
810,2018-11-08,12,220.0,6.9,6.6
813,2018-11-13,13,110.0,7.8,7.0
814,2018-11-13,13,200.0,8.2,6.83
816,2018-11-21,14,210.0,10.9,7.67
817,2018-11-21,14,230.0,9.7,6.4
818,2018-11-21,14,260.0,8.6,7.6
820,2018-11-28,15,220.0,6.4,8.67
821,2018-11-28,15,200.0,7.8,8.0
822,2018-11-28,15,200.0,10.2,7.43
823,2018-11-28,15,230.0,7.2,9.75
824,2018-12-04,16,120.0,7.6,8.5
825,2018-12-04,16,160.0,8.3,8.0
827,2018-12-04,16,70.0,4.7,9.0
828,2018-12-11,17,200.0,8.2,8.67
830,2018-12-11,17,260.0,8.3,8.0
832,2018-12-17,18,160.0,8.3,10.0
833,2018-12-17,18,160.0,8.7,8.6
834,2018-12-17,18,200.0,8.1,9.6
835,2018-12-17,18,130.0,5.5,8.25
837,2018-12-28,19,260.0,7.2,9.0
838,2018-12-28,19,400.0,8.0,10.28
839,2018-12-28,19,200.0,6.3,8.0
840,2019-01-03,20,160.0,9.2,10.75
843,2019-01-03,20,140.0,6.6,9.33
844,2019-01-10,21,180.0,9.2,10.75
845,2019-01-10,21,130.0,10.6,9.57
848,2019-02-21,27,220.0,0.6,14.57
849,2019-02-21,27,240.0,1.0,13.33
850,2019-02-21,27,320.0,1.2,16.42
851,2019-02-21,27,260.0,0.7,14.83
852,2019-02-28,28,210.0,1.0,16.0
853,2019-02-28,28,190.0,0.9,14.5
854,2019-02-28,28,240.0,1.1,18.0
855,2019-02-28,28,230.0,0.6,14.5
856,2019-03-07,29,220.0,0.6,15.25
857,2019-03-07,29,200.0,0.7,15.5
858,2019-03-07,29,260.0,0.9,17.5
859,2019-03-07,29,190.0,0.5,15.5
860,2019-03-14,30,230.0,0.7,16.16
861,2019-03-14,30,220.0,0.8,15.25
862,2019-03-14,30,220.0,0.8,18.4
865,2019-03-21,31,150.0,0.6,15.4
866,2019-03-21,31,200.0,0.6,19.6
867,2019-03-21,31,110.0,0.6,16.4
870,2019-03-29,32,210.0,5.3,19.5
871,2019-03-29,32,170.0,5.4,16.37
873,2019-04-04,33,160.0,7.0,16.6
874,2019-04-04,33,130.0,6.5,19.5
875,2019-04-04,33,140.0,6.1,17.8
876,2019-04-11,34,220.0,5.2,19.33
877,2019-04-11,34,170.0,7.7,17.2
880,2019-04-23,36,360.0,4.6,19.6
881,2019-04-23,36,360.0,5.7,18.6
882,2019-04-23,36,370.0,8.2,22.0
883,2019-04-23,36,260.0,6.2,18.66
885,2019-05-02,37,210.0,6.9,20.0
886,2019-05-02,37,220.0,11.7,22.0
887,2019-05-02,37,170.0,5.1,20.25
888,2018-10-07,16,5300.0,9.0,2.47
889,2018-10-07,16,5160.0,9.1,1.87
890,2018-10-07,16,4950.0,9.0,1.2
891,2018-10-07,16,4900.0,9.7,1.2
892,2018-10-08,17,5300.0,9.0,2.47
893,2018-10-08,17,5160.0,9.1,1.87
894,2018-10-08,17,4950.0,9.0,1.2
895,2018-10-08,17,4900.0,9.7,1.2
897,2018-10-15,18,270.0,7.2,6.55
898,2018-10-15,18,265.0,5.4,5.2
899,2018-10-15,18,330.0,5.0,5.3
900,2018-10-22,19,300.0,6.7,6.5
901,2018-10-22,19,290.0,5.3,7.7
902,2018-10-22,19,270.0,4.5,7.0
903,2018-10-22,19,300.0,7.8,5.7
905,2018-10-29,20,290.0,4.3,8.7
906,2018-10-29,20,220.0,7.2,6.4
907,2018-10-29,20,205.0,7.3,6.9
909,2018-11-05,21,250.0,3.1,8.43
911,2018-11-05,21,290.0,6.1,7.67
912,2018-11-19,23,210.0,7.0,9.59
913,2018-11-19,23,170.0,4.1,9.46
914,2018-11-19,23,180.0,7.3,8.59
915,2018-11-19,23,190.0,7.8,7.44
916,2018-12-03,25,230.0,4.5,10.38
917,2018-12-03,25,220.0,5.7,10.48
918,2018-12-03,25,175.0,8.3,9.32
919,2018-12-03,25,175.0,8.2,9.53
920,2018-12-10,26,190.0,6.3,11.5
922,2018-12-10,26,200.0,5.4,9.33
923,2018-12-10,26,185.0,6.5,9.52
924,2018-12-17,27,0.0,7.1,11.33
925,2018-12-17,27,0.0,5.6,12.67
926,2018-12-17,27,0.0,7.7,10.53
927,2018-12-17,27,0.0,7.9,9.39
928,2018-12-24,28,0.0,7.0,0.0
930,2018-12-24,28,0.0,7.4,0.0
932,2018-12-31,29,0.0,7.5,0.0
933,2018-12-31,29,0.0,6.6,14.0
934,2018-12-31,29,0.0,8.9,0.0
937,2019-01-07,30,0.0,7.4,0.0
938,2019-01-07,30,0.0,8.1,0.0
939,2019-01-07,30,0.0,8.4,0.0
941,2019-01-14,31,0.0,7.4,0.0
942,2019-01-14,31,0.0,8.9,0.0
943,2019-01-14,31,0.0,9.1,0.0
944,2019-01-21,32,0.0,8.0,0.0
945,2019-01-21,32,0.0,8.9,0.0
946,2019-01-21,32,0.0,9.7,0.0
947,2019-01-21,32,0.0,9.0,0.0
948,2019-02-04,34,0.0,8.4,0.0
950,2019-02-04,34,0.0,9.4,0.0
952,2019-02-11,35,0.0,9.1,0.0
953,2019-02-11,35,0.0,9.0,0.0
954,2019-02-11,35,0.0,9.8,0.0
955,2019-02-11,35,0.0,9.1,0.0
956,2019-03-18,40,730.0,6.8,1.46
957,2019-03-18,40,760.0,7.5,1.5
958,2019-03-18,40,710.0,8.5,1.75
959,2019-03-18,40,720.0,8.5,1.6
960,2019-03-25,41,223.0,9.6,1.38
963,2019-03-25,41,209.0,9.8,2.25
964,2019-04-01,42,215.0,9.2,2.35
965,2019-04-01,42,240.0,7.6,2.38
966,2019-04-01,42,210.0,11.1,1.37
967,2019-04-01,42,203.0,10.8,2.38
968,2019-04-08,43,211.0,10.7,3.36
970,2019-04-08,43,176.0,12.3,2.41
971,2019-04-08,43,232.0,10.9,2.33
974,2019-04-15,44,212.0,5.7,4.52
977,2019-04-22,45,257.0,6.7,4.35
978,2019-04-22,45,221.0,5.4,4.4
979,2019-04-22,45,256.0,9.0,5.33
980,2019-04-29,46,0.0,0.0,0.0
981,2019-04-29,46,0.0,0.0,0.0
982,2019-04-29,46,0.0,0.0,0.0
983,2019-04-29,46,0.0,0.0,0.0
984,2022-01-13,1,53.0,2.03,0.0
987,2022-01-13,1,36.0,2.04,0.0
988,2022-01-31,3,117.0,3.49,0.0
989,2022-01-31,3,139.0,5.1,0.0
990,2022-01-31,3,137.0,5.04,0.0
991,2022-01-31,3,134.0,3.9,0.0
992,2022-03-03,7,323.0,10.15,2.2
993,2022-03-03,7,896.0,12.14,2.43
994,2022-03-03,7,346.0,11.01,2.13
995,2022-03-03,7,912.0,11.23,2.13
996,2022-03-31,11,375.0,6.88,5.25
998,2022-03-31,11,453.0,8.13,5.33
999,2022-03-31,11,398.0,8.42,5.4
1001,2018-10-07,10,2360.0,6.72,5.8
1002,2018-10-07,10,1760.0,14.48,4.33
1003,2018-10-07,10,1960.0,11.13,4.33
1004,2018-10-10,11,2005.0,7.5,8.0
1006,2018-10-10,11,1760.0,14.5,4.33
1007,2018-10-10,11,1960.0,11.1,4.33
1008,2018-10-16,12,166.0,12.1,5.5
1012,2018-10-22,13,219.0,7.8,5.66
1013,2018-10-22,13,180.0,6.7,6.33
1017,2018-10-30,14,165.0,8.8,6.33
1018,2018-10-30,14,125.0,11.3,6.67
1019,2018-10-30,14,49.0,6.7,5.22
1020,2018-11-05,15,190.0,8.8,7.71
1022,2018-11-05,15,150.0,7.8,8.17
1023,2018-11-05,15,75.0,8.2,6.38
1024,2018-11-11,15,148.0,6.0,8.75
1025,2018-11-11,15,124.0,8.7,7.17
1028,2018-11-20,17,105.0,9.1,7.33
1029,2018-11-20,17,244.0,7.3,8.5
1032,2018-11-27,18,158.0,8.1,8.75
1034,2018-11-27,18,168.0,9.4,8.25
1035,2018-11-27,18,118.0,9.7,6.0
1036,2018-12-11,20,257.0,10.3,8.38
1037,2018-12-11,20,126.0,9.2,9.83
1038,2018-12-11,20,634.0,11.0,9.83
1039,2018-12-11,20,38.0,8.4,8.5
1040,2018-12-27,22,60.0,9.1,8.3
1041,2018-12-27,22,-35.0,7.6,9.3
1042,2018-12-27,22,390.0,9.3,10.54
1043,2018-12-27,22,-110.0,4.4,7.2
1044,2019-01-01,23,130.0,7.4,10.45
1045,2019-01-01,23,340.0,8.2,11.0
1049,2019-01-08,24,170.0,8.6,11.33
1052,2019-01-16,25,150.0,9.5,12.5
1054,2019-01-16,25,245.0,9.8,13.0
1055,2019-01-16,25,100.0,4.7,9.0
1056,2019-01-23,26,320.0,9.3,13.28
1058,2019-01-23,26,120.0,9.9,13.83
1060,2019-02-06,28,240.0,11.7,12.0
1061,2019-02-06,28,330.0,6.9,13.25
1065,2019-02-14,29,200.0,9.3,14.0
1066,2019-02-14,29,160.0,6.2,14.8
1067,2019-02-14,29,160.0,7.9,13.66
1068,2019-02-20,30,135.0,10.4,14.9
1070,2019-02-20,30,30.0,9.1,15.4
1072,2019-02-25,31,135.0,7.9,14.62
1073,2019-02-25,31,230.0,9.5,15.5
1074,2019-02-25,31,120.0,8.5,14.5
1075,2019-02-25,31,110.0,7.8,16.16
1077,2019-03-07,32,180.0,7.0,15.71
1078,2019-03-07,32,130.0,9.7,15.38
1080,2019-03-13,33,110.0,8.6,15.9
1081,2019-03-13,33,180.0,8.7,15.42
1083,2019-03-13,33,120.0,10.6,15.71
1085,2019-03-20,34,450.0,6.3,16.33
1086,2019-03-20,34,120.0,9.5,16.8
1088,2019-03-28,35,0.0,8.1,15.3
1091,2019-03-28,35,0.0,10.1,16.8
1092,2019-04-04,36,0.0,8.6,15.27
1094,2019-04-04,36,0.0,8.8,16.2
1095,2019-04-04,36,0.0,9.9,16.2
1098,2019-04-09,37,0.0,8.8,16.0
1099,2019-04-09,37,0.0,9.7,16.0
1100,2018-10-07,13,3100.0,8.0,0.0
1101,2018-10-07,13,3300.0,6.2,1.0
1102,2018-10-07,13,3400.0,7.4,0.0
1103,2018-10-07,13,2950.0,6.2,0.1
1104,2018-10-12,14,3100.0,8.0,0.0
1105,2018-10-12,14,3300.0,6.2,1.0
1106,2018-10-12,14,3400.0,7.4,0.0
1107,2018-10-12,14,2950.0,6.2,0.1
1109,2018-10-19,15,0.0,7.1,0.0
1110,2018-10-19,15,0.0,6.8,0.0
1112,2018-10-26,16,0.0,6.3,0.0
1113,2018-10-26,16,0.0,7.1,0.0
1114,2018-10-26,16,0.0,6.2,0.0
1116,2018-11-02,17,0.0,6.2,0.0
1117,2018-11-02,17,0.0,7.1,0.0
1118,2018-11-02,17,0.0,6.4,0.0
1119,2018-11-02,17,0.0,6.9,0.0
1120,2018-11-09,18,0.0,6.4,0.0
1121,2018-11-09,18,0.0,6.8,0.0
1122,2018-11-09,18,0.0,6.5,0.0
1124,2018-11-16,19,0.0,6.5,0.0
1126,2018-11-16,19,0.0,6.5,0.0
1127,2018-11-16,19,0.0,6.5,0.0
1128,2018-11-23,20,0.0,6.2,0.0
1131,2018-11-23,20,0.0,6.2,0.0
1132,2018-11-30,21,0.0,6.2,0.0
1135,2018-11-30,21,0.0,6.2,0.0
1137,2018-12-07,22,0.0,0.0,0.0
1139,2018-12-07,22,0.0,0.0,0.0
1140,2018-12-21,24,210.0,0.0,0.0
1141,2018-12-21,24,190.0,0.0,0.0
1143,2018-12-21,24,200.0,0.0,0.0
1144,2018-12-28,25,0.0,0.0,0.0
1146,2018-12-28,25,0.0,0.0,0.0
1147,2018-12-28,25,0.0,0.0,0.0
1148,2019-01-04,26,340.0,0.0,0.0
1149,2019-01-04,26,330.0,0.0,0.0
1150,2019-01-04,26,300.0,0.0,0.0
1151,2019-01-04,26,280.0,0.0,0.0
1152,2019-01-11,27,450.0,7.5,1.0
1153,2019-01-11,27,510.0,8.1,1.0
1154,2019-01-11,27,350.0,5.1,1.0
1155,2019-01-11,27,430.0,6.0,1.0
1156,2019-02-01,30,130.0,11.0,1.57
1157,2019-02-01,30,175.0,9.6,1.5
1158,2019-02-01,30,120.0,9.5,0.75
1159,2019-02-01,30,115.0,9.4,1.5
1160,2019-02-08,31,210.0,10.9,3.0
1161,2019-02-08,31,190.0,10.4,2.5
1162,2019-02-08,31,240.0,9.6,1.5
1167,2019-02-15,32,210.0,11.3,1.57
1168,2019-03-01,34,200.0,9.5,3.71
1169,2019-03-01,34,170.0,10.8,5.0
1170,2019-03-01,34,185.0,12.0,3.75
1172,2019-03-29,38,80.0,8.0,5.6
1173,2019-03-29,38,110.0,9.8,5.0
1174,2019-03-29,38,145.0,9.9,6.6
1175,2019-03-29,38,150.0,8.1,6.6
1176,2019-04-05,39,121.0,6.3,7.0
1177,2019-04-05,39,83.0,7.0,5.0
1179,2019-04-05,39,150.0,9.1,6.5
1180,2019-04-12,40,2250.0,7.1,7.0
1181,2019-04-12,40,2300.0,4.8,7.0
1182,2019-04-12,40,2450.0,4.7,7.67
1184,2019-04-19,41,40.0,7.2,7.0
1186,2019-04-19,41,60.0,4.9,8.75
1187,2019-04-19,41,60.0,6.5,8.33
1188,2019-04-26,42,64.0,7.7,6.5
1189,2019-04-26,42,108.0,5.2,5.5
1192,2019-05-03,43,63.0,7.9,0.5
1193,2019-05-03,43,48.0,5.6,0.57
1195,2019-05-03,43,12.0,6.6,0.25
1198,2021-12-08,18,0.0,8.98,12.0
1199,2021-12-08,18,0.0,4.94,11.17
1200,2021-12-14,19,240.0,8.53,12.0
1201,2021-12-14,19,420.0,7.07,12.0
1202,2021-12-14,19,510.0,10.37,12.4
1203,2021-12-14,19,240.0,8.08,12.17
1204,2021-12-22,20,40.0,7.29,12.17
1205,2021-12-22,20,350.0,5.39,12.0
1207,2021-12-22,20,410.0,6.72,12.17
1208,2022-01-11,23,230.0,11.96,13.6
1209,2022-01-11,23,130.0,8.64,14.67
1210,2022-01-11,23,190.0,9.73,14.75
1211,2022-01-11,23,160.0,12.22,14.29
1213,2022-01-19,24,200.0,8.96,15.33
1214,2022-01-19,24,250.0,12.36,15.25
1216,2022-01-25,25,150.0,11.77,15.29
1217,2022-01-25,25,290.0,9.64,15.33
1218,2022-01-25,25,160.0,10.99,16.33
1220,2022-02-02,26,400.0,9.54,16.67
1221,2022-02-02,26,60.0,9.27,16.17
1222,2022-02-02,26,270.0,9.31,17.14
1224,2022-02-08,27,70.0,11.7,16.14
1228,2022-02-15,28,240.0,10.84,17.25
1229,2022-02-15,28,220.0,7.13,18.17
1230,2022-02-15,28,230.0,11.51,18.2
1231,2022-02-15,28,210.0,10.07,18.17
1232,2022-02-22,29,240.0,9.29,18.29
1234,2022-02-22,29,260.0,9.94,19.29
1235,2022-02-22,29,240.0,7.36,19.14
1236,2022-03-08,31,90.0,5.27,20.14
1237,2022-03-08,31,85.0,8.45,20.33
1238,2022-03-08,31,105.0,5.71,21.33
1239,2022-03-08,31,110.0,10.85,20.5
1240,2022-03-14,32,140.0,8.78,20.29
1241,2022-03-14,32,195.0,4.79,21.33
1242,2022-03-14,32,180.0,8.52,22.0
1243,2022-03-14,32,135.0,8.38,21.33
1246,2022-04-05,35,290.0,9.42,23.17
1247,2022-04-05,35,190.0,6.79,22.3
1248,2022-04-12,36,300.0,10.41,23.33
1251,2022-04-12,36,390.0,6.11,24.17
1252,2022-04-19,37,270.0,11.22,24.33
1256,2022-04-26,38,200.0,8.79,25.5
1258,2022-04-26,38,260.0,9.47,26.67
1259,2022-04-26,38,230.0,9.58,25.67
1260,2022-05-03,39,255.0,9.35,26.33
1261,2022-05-03,39,0.0,0.0,0.0
1262,2022-05-03,39,245.0,7.94,27.4
1263,2022-05-03,39,230.0,7.67,26.33
1265,2022-05-30,43,180.0,5.28,29.2
1266,2022-05-30,43,60.0,4.21,0.0
1267,2022-05-30,43,50.0,6.55,0.0
1268,2018-09-23,7,1930.0,13.47,3.75
1272,2018-09-24,7,1930.0,13.5,3.75
1273,2018-09-24,7,2110.0,13.9,4.29
1274,2018-09-24,7,2190.0,9.7,4.14
1276,2018-10-01,8,270.0,13.5,5.0
1277,2018-10-01,8,254.0,10.4,5.1
1278,2018-10-01,8,258.0,14.0,5.0
1279,2018-10-01,8,276.0,15.2,5.0
1280,2018-10-08,9,210.0,11.1,6.0
1281,2018-10-08,9,235.0,10.7,6.0
1282,2018-10-08,9,245.0,13.5,6.0
1283,2018-10-08,9,257.0,15.7,6.0
1284,2018-10-15,10,250.0,9.9,6.67
1285,2018-10-15,10,260.0,12.9,7.0
1286,2018-10-15,10,272.0,11.9,7.0
1289,2018-10-22,11,240.0,10.7,8.0
1290,2018-10-22,11,225.0,15.4,7.0
1291,2018-10-22,11,200.0,11.1,7.17
1293,2018-10-29,12,250.0,11.3,8.29
1294,2018-10-29,12,290.0,11.3,7.33
1295,2018-10-29,12,222.0,12.3,8.0
1296,2018-11-05,13,252.0,8.4,9.14
1297,2018-11-05,13,258.0,14.0,8.08
1298,2018-11-05,13,230.0,10.6,8.43
1299,2018-11-05,13,280.0,12.3,8.43
1301,2018-11-12,14,183.0,11.1,10.0
1302,2018-11-12,14,248.0,13.0,9.0
1305,2018-11-19,15,244.0,12.9,10.17
1306,2018-11-19,15,256.0,13.7,9.13
1307,2018-11-19,15,180.0,12.6,9.57
1308,2018-11-26,16,256.0,11.8,10.17
1309,2018-11-26,16,245.0,13.8,11.14
1310,2018-11-26,16,250.0,11.0,10.2
1311,2018-11-26,16,173.0,15.7,10.29
1313,2018-12-03,17,208.0,10.5,12.14
1314,2018-12-03,17,210.0,13.3,10.6
1315,2018-12-03,17,165.0,9.2,11.17
1316,2018-12-10,18,257.0,13.5,11.5
1317,2018-12-10,18,234.0,15.3,12.33
1318,2018-12-10,18,245.0,12.0,11.17
1319,2018-12-10,18,193.0,14.6,11.67
1320,2018-12-17,19,206.0,13.7,12.38
1321,2018-12-17,19,227.0,12.2,13.0
1323,2018-12-17,19,185.0,11.2,12.29
1324,2018-12-24,20,173.0,13.7,13.0
1325,2018-12-24,20,195.0,13.0,14.0
1326,2018-12-24,20,180.0,13.5,12.67
1331,2018-12-31,21,160.0,13.9,13.2
1332,2019-01-07,22,262.0,12.2,14.33
1333,2019-01-07,22,249.0,14.0,15.33
1334,2019-01-07,22,255.0,12.2,14.0
1335,2019-01-07,22,190.0,13.4,14.11
1336,2019-01-14,23,223.0,12.0,15.08
1337,2019-01-14,23,197.0,11.8,16.1
1338,2019-01-14,23,230.0,12.4,14.67
1339,2019-01-14,23,188.0,12.4,15.0
1340,2019-01-21,24,272.0,11.9,16.0
1341,2019-01-21,24,250.0,11.7,17.0
1342,2019-01-21,24,286.0,13.0,16.0
1344,2019-01-28,25,263.0,0.0,0.0
1346,2019-01-28,25,248.0,0.0,0.0
1347,2019-01-28,25,333.0,0.0,0.0
1348,2019-02-04,26,263.0,10.6,17.33
1350,2019-02-04,26,248.0,12.4,17.33
1351,2019-02-04,26,333.0,11.8,17.0
1353,2019-02-11,27,260.0,12.9,19.29
1354,2019-02-11,27,292.0,10.5,18.25
1358,2019-02-18,28,224.0,11.0,19.0
1360,2019-02-25,29,272.0,13.2,20.0
1361,2019-02-25,29,242.0,13.1,21.0
1363,2019-02-25,29,303.0,12.8,20.0
1364,2019-03-04,30,271.0,12.3,21.0
1365,2019-03-04,30,240.0,12.5,21.67
1366,2019-03-04,30,205.0,9.7,20.5
1368,2019-03-11,31,212.0,12.7,21.38
1369,2019-03-11,31,206.0,13.8,22.13
1370,2019-03-11,31,182.0,11.2,20.75
1371,2019-03-11,31,202.0,11.6,20.25
1372,2019-03-18,32,193.0,10.5,22.43
1373,2019-03-18,32,231.0,13.3,23.5
1374,2019-03-18,32,230.0,9.3,22.14
1375,2019-03-18,32,200.0,12.6,22.0
1376,2019-03-25,33,225.0,12.9,23.43
1377,2019-03-25,33,245.0,12.3,24.5
1378,2019-03-25,33,212.0,11.3,23.0
1379,2019-03-25,33,233.0,13.6,22.5
1380,2019-04-01,34,0.0,0.0,24.75
1381,2019-04-01,34,0.0,0.0,23.83
1382,2019-04-01,34,0.0,0.0,23.8
1383,2019-04-01,34,0.0,0.0,24.0
1384,2019-04-08,35,0.0,0.0,24.0
1385,2019-04-08,35,0.0,0.0,25.0
1386,2019-04-08,35,0.0,0.0,24.0
1388,2019-04-15,36,0.0,0.0,24.0
1389,2019-04-15,36,0.0,0.0,25.0
1391,2019-04-15,36,0.0,0.0,24.0
1392,2019-04-22,37,0.0,0.0,24.0
1393,2019-04-22,37,0.0,0.0,25.0
1395,2019-04-22,37,0.0,0.0,24.0
1396,2019-04-29,38,0.0,0.0,0.0
1397,2019-04-29,38,0.0,0.0,0.0
1398,2019-04-29,38,0.0,0.0,0.0
1399,2019-04-29,38,0.0,0.0,0.0
1400,2019-12-30,9,60.0,16.0,3.15
1401,2019-12-30,9,75.0,12.4,3.21
1402,2019-12-30,9,80.0,12.3,3.33
1404,2020-01-06,10,14.0,13.7,4.12
1405,2020-01-06,10,15.0,11.9,3.23
1407,2020-01-06,10,19.0,12.6,4.15
1408,2019-12-02,10,0.0,10.9,2.23
1409,2019-12-02,10,0.0,18.9,2.26
1410,2019-12-02,10,0.0,16.7,2.22
1411,2019-12-02,10,0.0,7.2,3.32
1413,2019-12-09,11,95.0,9.7,3.32
1414,2019-12-09,11,110.0,12.8,3.26
1415,2019-12-09,11,97.0,10.5,4.31
1416,2019-12-16,12,145.0,9.2,4.19
1417,2019-12-16,12,130.0,11.2,4.21
1419,2019-12-16,12,144.0,7.2,5.24
1420,2019-12-23,13,32.0,7.4,4.26
1421,2019-12-23,13,48.0,7.8,4.28
1422,2019-12-23,13,53.0,5.1,4.21
1423,2019-12-23,13,102.0,8.1,5.26
1424,2019-12-30,14,12.0,7.3,4.26
1425,2019-12-30,14,21.0,8.3,5.19
1426,2019-12-30,14,50.0,5.2,4.14
1429,2020-01-06,15,26.0,10.8,5.17
1430,2020-01-06,15,25.0,5.1,4.1
1431,2020-01-06,15,34.0,5.0,5.18
1432,2021-02-01,19,15.0,6.4,5.8
1434,2021-02-01,19,0.0,8.1,5.0
1436,2021-02-09,20,50.0,7.4,6.4
1437,2021-02-09,20,60.0,9.4,5.0
1438,2021-02-09,20,50.0,12.2,4.33
1439,2021-02-09,20,20.0,5.7,6.67
1440,2021-02-14,21,40.0,10.1,6.4
1442,2021-02-14,21,70.0,11.1,4.14
1443,2021-02-14,21,55.0,5.2,6.5
1444,2021-02-22,22,90.0,7.7,6.2
1448,2021-03-01,23,80.0,7.2,7.0
1449,2021-03-01,23,125.0,7.9,6.17
1451,2021-03-01,23,65.0,6.4,8.0
1452,2021-03-08,24,50.0,7.3,8.25
1453,2021-03-08,24,120.0,10.9,7.6
1455,2021-03-08,24,105.0,7.4,8.63
1458,2021-03-15,25,115.0,8.0,6.0
1459,2021-03-15,25,50.0,4.7,8.33
1460,2021-03-22,26,110.0,7.0,9.0
1461,2021-03-22,26,115.0,6.5,8.0
1462,2021-03-22,26,0.0,5.6,8.0
1463,2021-03-22,26,145.0,7.2,8.17
1464,2021-03-29,27,150.0,7.0,9.0
1465,2021-03-29,27,100.0,7.2,8.13
1466,2021-03-29,27,20.0,5.8,8.2
1467,2021-03-29,27,135.0,4.3,8.33
1468,2021-04-05,28,105.0,8.32,10.75
1469,2021-04-05,28,110.0,7.0,8.0
1471,2021-04-05,28,50.0,8.2,8.57
1472,2021-04-13,29,65.0,9.4,10.67
1473,2021-04-13,29,0.0,9.6,4.0
1474,2021-04-13,29,120.0,8.5,9.5
1475,2021-04-13,29,34.0,8.7,8.67
1476,2021-04-20,30,72.0,9.0,10.7
1477,2021-04-20,30,0.0,9.6,4.0
1478,2021-04-20,30,90.0,7.2,9.0
1479,2021-04-20,30,51.0,7.6,8.73
1480,2021-04-27,31,55.0,9.2,11.2
1481,2021-04-27,31,0.0,9.3,5.0
1482,2021-04-27,31,85.0,8.2,10.41
1483,2019-12-29,19,60.0,4.5,3.0
1485,2019-12-29,19,60.0,4.2,4.0
1487,2020-01-05,20,20.0,7.7,2.0
1488,2020-01-05,20,20.0,5.8,2.0
1490,2020-01-05,20,0.0,4.3,2.0
1492,2021-01-07,1,0.0,20.21,2.0
1493,2021-01-07,1,0.0,21.05,3.2
1494,2021-01-07,1,0.0,23.05,4.5
1496,2021-01-21,3,185.0,10.16,2.5
1497,2021-01-21,3,280.0,11.92,3.25
1498,2021-01-21,3,250.0,11.12,2.5
1499,2021-01-28,4,190.0,13.24,2.0
1500,2021-01-28,4,189.0,8.05,1.75
1502,2021-01-28,4,183.0,14.25,2.0
1504,2021-02-03,5,145.0,10.24,2.25
1505,2021-02-03,5,250.0,10.2,3.5
1506,2021-02-03,5,190.0,8.8,2.25
1508,2021-02-13,6,325.0,10.89,1.0
1509,2021-02-13,6,280.0,14.53,1.0
1510,2021-02-13,6,285.0,18.22,2.0
1513,2021-03-06,9,170.0,5.66,1.0
1514,2021-03-06,9,253.0,9.92,1.0
1515,2021-03-24,12,0.0,9.43,1.5
1516,2021-03-24,12,0.0,6.17,0.0
1518,2021-03-24,12,0.0,9.29,1.0
1519,2021-04-01,13,0.0,6.37,1.75
1522,2021-04-01,13,0.0,7.08,0.0
1524,2021-04-07,14,0.0,9.26,0.0
1525,2021-04-07,14,0.0,9.34,0.0
1526,2021-04-07,14,0.0,7.73,0.0
1527,2021-04-15,15,0.0,8.69,0.0
1528,2021-04-15,15,0.0,8.68,0.0
1530,2021-04-15,15,0.0,9.93,0.0
1531,2021-04-22,16,0.0,5.99,0.0
1533,2021-04-22,16,0.0,8.52,0.0
1535,2021-12-18,17,150.0,5.7,8.25
1536,2021-12-18,17,130.0,9.9,7.0
1538,2021-12-18,17,70.0,7.25,7.66
1539,2021-12-25,18,150.0,6.11,8.8
1540,2021-12-25,18,70.0,8.75,7.0
1542,2021-12-25,18,60.0,7.17,8.0
1544,2022-04-02,32,170.0,5.8,18.0
1546,2022-04-02,32,100.0,7.68,18.0
1547,2019-12-29,30,100.0,12.0,0.0
1548,2019-12-29,30,120.0,13.1,3.0
1549,2019-12-29,30,150.0,14.0,2.0
1550,2019-12-29,30,170.0,15.0,1.0
1551,2020-01-05,31,20.0,12.2,0.0
1552,2020-01-05,31,50.0,14.2,3.0
1553,2020-01-05,31,30.0,15.0,1.0
1554,2020-01-05,31,20.0,12.1,2.0
1555,2020-01-20,33,100.0,10.3,0.0
1556,2020-01-20,33,150.0,8.3,0.0
1557,2020-01-20,33,170.0,4.9,0.0
1560,2020-01-26,34,140.0,13.3,2.0
1563,2020-02-02,35,80.0,11.3,3.0
1564,2020-02-02,35,140.0,12.3,1.0
1566,2020-02-02,35,120.0,14.1,2.0
1567,2020-02-09,36,130.0,14.6,5.0
1568,2020-02-09,36,100.0,13.2,5.0
1570,2020-02-09,36,50.0,11.5,8.0
1571,2020-02-16,37,70.0,4.2,3.0
1573,2020-02-16,37,70.0,7.2,5.0
1574,2020-02-16,37,80.0,3.9,7.0
1575,2020-02-23,38,70.0,3.0,5.0
1577,2020-02-23,38,60.0,4.2,5.0
1578,2020-02-23,38,40.0,5.4,7.0
1580,2020-03-01,39,60.0,3.8,3.0
1581,2020-03-01,39,60.0,3.9,4.0
1582,2020-03-01,39,60.0,4.3,8.0
1583,2020-03-08,40,50.0,4.6,6.0
1584,2020-03-08,40,30.0,4.3,4.0
1585,2020-03-08,40,40.0,4.2,3.0
1586,2020-03-08,40,50.0,3.8,4.0
1587,2020-03-16,41,90.0,4.6,3.0
1588,2020-03-16,41,100.0,4.2,4.0
1589,2020-03-16,41,70.0,4.3,3.0
1590,2020-03-16,41,120.0,4.5,4.0
1591,2020-03-22,42,100.0,4.2,2.0
1592,2020-03-22,42,80.0,3.9,3.0
1593,2020-03-22,42,100.0,4.5,4.0
1594,2020-03-22,42,70.0,4.4,7.0
1596,2020-03-29,43,100.0,3.5,4.0
1598,2020-03-29,43,70.0,3.8,7.0
1599,2020-04-12,45,0.0,3.4,1.0
1600,2020-04-12,45,0.0,4.2,2.0
1601,2020-04-12,45,0.0,3.7,2.0
1602,2020-04-12,45,0.0,4.5,3.0
1603,2020-04-19,46,0.0,7.3,0.0
1604,2020-04-19,46,0.0,4.5,0.0
1606,2020-04-19,46,0.0,5.2,0.0
1607,2020-04-26,47,0.0,8.4,0.0
1608,2020-04-26,47,0.0,4.9,0.0
1611,2020-05-03,48,0.0,12.1,0.0
1612,2020-05-03,48,0.0,5.7,0.0
1613,2020-05-03,48,0.0,6.5,0.0
1614,2020-05-03,48,0.0,7.2,0.0
1616,2020-05-10,49,0.0,6.7,0.0
1617,2020-05-10,49,0.0,8.2,0.0
1618,2020-05-10,49,0.0,8.4,0.0
1620,2019-12-30,20,100.0,9.02,2.67
1621,2019-12-30,20,150.0,9.89,1.27
1622,2019-12-30,20,130.0,8.46,1.33
1623,2021-11-12,1,0.0,87.0,6.3
1624,2021-11-12,1,0.0,66.0,6.0
1625,2021-11-12,1,0.0,68.0,5.0
1626,2021-11-12,1,0.0,83.0,7.3
1627,2020-01-02,17,0.0,11.0,9.5
1628,2020-01-02,17,0.0,10.5,9.5
1629,2020-01-02,17,0.0,9.8,9.33
1630,2020-01-02,17,0.0,11.0,9.33
1632,2020-04-21,33,173.0,11.84,20.8
1633,2020-04-21,33,220.0,9.49,22.4
1634,2020-04-21,33,280.0,12.3,20.5
1637,2020-04-27,34,109.0,18.01,22.17
1638,2020-04-27,34,168.0,12.3,21.67
1639,2019-12-01,17,3960.0,11.64,10.5
1640,2019-12-01,17,3955.0,12.09,9.4
1641,2019-12-01,17,3935.0,12.68,8.33
1642,2019-12-01,17,3900.0,12.02,9.33
1644,2019-12-08,18,130.0,10.47,9.4
1645,2019-12-08,18,145.0,12.2,8.6
1646,2019-12-08,18,145.0,13.36,9.38
1647,2019-12-15,19,180.0,9.0,11.6
1648,2019-12-15,19,180.0,10.0,10.33
1649,2019-12-15,19,190.0,10.0,9.67
1650,2019-12-15,19,180.0,8.0,11.0
1652,2019-12-22,20,170.0,9.0,11.67
1653,2019-12-22,20,180.0,8.0,11.0
1654,2019-12-22,20,190.0,8.0,11.67
1655,2019-12-27,21,240.0,12.32,6.8
1656,2019-12-27,21,135.0,11.3,6.5
1657,2019-12-27,21,180.0,13.6,7.17
1658,2019-12-27,21,160.0,12.62,7.33
1659,2020-01-03,22,95.0,14.46,7.25
1661,2020-01-03,22,85.0,14.92,7.5
1662,2020-01-03,22,90.0,14.38,6.5
1663,2021-11-20,2,0.0,14.3,7.3
1664,2021-11-20,2,0.0,12.6,7.6
1665,2021-11-20,2,0.0,8.4,7.0
1667,2021-11-26,3,145.0,117.0,8.33
1668,2021-11-26,3,180.0,10.2,7.66
1670,2021-11-26,3,50.0,120.0,8.0
1671,2021-01-06,16,141.0,13.1,5.6
1672,2021-01-06,16,152.0,11.9,5.5
1673,2021-01-06,16,142.0,10.0,6.5
1674,2021-01-06,16,150.0,10.5,6.6
1675,2021-01-13,17,294.0,9.9,9.4
1676,2021-01-13,17,237.0,12.5,8.6
1677,2021-01-13,17,127.0,10.5,9.4
1679,2021-01-27,19,141.0,5.7,11.2
1683,2021-02-03,20,223.0,10.2,11.4
1684,2021-02-03,20,205.0,11.6,10.6
1685,2021-02-03,20,201.0,11.1,11.6
1686,2021-02-03,20,211.0,10.8,11.4
1687,2021-03-10,25,196.0,6.2,15.5
1688,2021-03-10,25,202.0,6.6,14.5
1689,2021-03-10,25,178.0,4.5,15.2
1690,2021-03-10,25,205.0,5.8,15.2
1691,2021-03-24,27,211.0,7.5,16.4
1692,2021-03-24,27,217.0,9.6,15.25
1693,2021-03-24,27,236.0,6.2,16.75
1695,2021-03-31,28,180.0,5.6,17.6
1697,2021-03-31,28,166.0,4.2,17.25
1699,2021-04-07,29,194.0,4.3,18.4
1702,2021-04-07,29,257.0,4.8,18.25
1703,2021-04-14,30,175.0,6.6,19.0
1704,2021-04-14,30,204.0,8.1,18.0
1705,2021-04-14,30,173.0,6.8,18.0
1706,2021-04-14,30,202.0,7.5,18.8
1707,2021-04-21,31,173.0,5.6,19.67
1708,2021-04-21,31,185.0,7.2,18.75
1709,2021-04-21,31,232.0,8.9,18.33
1711,2021-04-29,32,162.0,4.4,20.4
1712,2021-04-29,32,257.0,6.5,19.75
1713,2021-04-29,32,247.0,8.3,21.0
1714,2021-04-29,32,225.0,4.6,20.4
1716,2021-05-20,36,115.0,5.7,21.0
1717,2021-05-20,36,87.0,4.4,21.2
1718,2021-05-20,36,112.0,5.8,21.7
1719,2021-12-01,15,2274.0,7.6,8.5
1720,2021-12-01,15,2585.0,8.2,7.25
1722,2021-12-01,15,2668.0,7.5,8.25
1723,2021-12-08,16,284.0,7.1,9.0
1724,2021-12-08,16,151.0,8.3,8.75
1725,2021-12-08,16,254.0,6.5,8.25
1726,2021-12-08,16,224.0,7.6,8.75
1728,2021-12-22,18,202.0,8.9,10.0
1729,2021-12-22,18,169.0,7.3,10.2
1730,2021-12-22,18,127.0,9.9,10.33
1731,2021-02-11,5,0.0,3.17,0.3
1732,2021-02-11,5,0.0,3.04,0.0
1733,2021-02-11,5,0.0,3.23,0.2
1734,2021-02-11,5,340.0,1.91,0.0
1736,2021-02-18,6,160.0,6.19,0.18
1737,2021-02-18,6,115.0,6.82,0.42
1739,2021-02-25,7,95.0,5.41,1.09
1740,2021-02-25,7,100.0,9.73,0.55
1741,2021-02-25,7,105.0,5.78,1.0
1742,2021-02-25,7,110.0,8.35,0.42
1743,2021-03-04,8,115.0,8.4,1.38
1744,2021-03-04,8,160.0,8.44,1.23
1745,2021-03-04,8,105.0,8.99,1.33
1746,2021-03-04,8,120.0,11.45,1.3
1747,2021-03-11,9,145.0,8.4,2.17
1748,2021-03-11,9,100.0,11.45,1.42
1750,2021-03-11,9,170.0,8.14,2.31
1751,2021-03-18,10,175.0,7.39,3.25
1754,2021-03-18,10,170.0,8.09,3.17
1755,2021-03-24,11,60.0,6.04,4.13
1756,2021-03-24,11,110.0,9.98,3.33
1757,2021-03-24,11,190.0,11.36,4.31
1758,2021-03-24,11,60.0,11.04,3.38
1761,2021-04-01,12,40.0,8.4,4.33
1762,2021-04-01,12,200.0,8.5,4.27
1765,2021-04-07,13,90.0,6.9,5.33
1766,2021-04-07,13,180.0,9.89,5.39
1768,2021-04-14,14,150.0,7.3,5.35
1769,2021-04-14,14,170.0,4.3,6.07
1770,2021-04-14,14,180.0,5.0,6.33
1772,2021-02-20,55,0.0,8.56,9.5
1774,2021-02-20,55,0.0,10.69,9.4
1775,2021-02-28,56,182.0,94.3,9.5
1776,2021-02-28,56,194.0,6.5,9.5
1777,2021-02-28,56,202.0,10.6,10.5
1778,2021-02-28,56,214.0,7.02,11.3
1781,2021-03-06,57,0.0,9.84,11.4
1784,2021-03-13,58,0.0,11.01,2.3
1785,2021-03-13,58,0.0,15.0,1.5
1786,2021-03-13,58,0.0,14.65,1.8
1788,2021-03-21,59,290.0,9.81,3.4
1789,2021-03-21,59,305.0,6.45,3.1
1790,2021-03-21,59,290.0,12.49,2.6
1791,2021-03-28,60,0.0,10.13,4.4
1794,2021-03-28,60,0.0,5.9,4.1
1795,2021-04-09,61,0.0,7.71,6.7
1796,2021-04-09,61,0.0,9.21,6.5
1797,2021-04-09,61,0.0,8.52,6.2
1798,2021-04-09,61,0.0,10.09,5.5
1799,2021-04-28,64,0.0,6.58,9.4
1800,2021-04-28,64,0.0,6.55,8.4
1801,2021-04-28,64,0.0,6.72,8.5
1802,2021-04-28,64,0.0,5.43,8.4
1804,2021-05-16,66,0.0,7.35,12.2
1805,2021-05-16,66,0.0,6.54,9.3
1807,2021-05-22,67,0.0,8.41,12.3
1808,2021-05-22,67,0.0,7.2,9.0
1809,2021-05-22,67,0.0,6.67,9.1
1810,2021-05-22,67,0.0,7.09,9.0
1811,2021-05-29,68,0.0,5.67,11.1
1813,2021-05-29,68,0.0,8.08,9.1
1814,2021-05-29,68,0.0,7.52,9.0
1815,2021-06-05,69,0.0,5.84,12.0
1817,2021-06-05,69,0.0,6.8,9.0
1818,2021-06-05,69,0.0,7.31,9.0
1819,2021-06-10,70,0.0,6.03,12.0
1821,2021-06-10,70,0.0,7.04,9.0
1823,2021-12-22,18,64.0,9.1,0.0
1825,2021-12-22,18,77.0,7.9,8.67
1826,2021-12-22,18,149.0,4.9,9.6
1827,2022-04-06,33,120.0,4.8,17.5
1828,2022-04-06,33,90.0,4.6,19.5
1829,2022-04-06,33,110.0,6.0,17.6
1830,2022-04-06,33,145.0,5.6,18.4
1832,2022-04-13,34,120.0,3.1,20.0
1834,2022-04-13,34,105.0,7.9,19.0
1836,2021-02-17,25,170.0,10.9,16.6
1837,2021-02-17,25,180.0,6.5,16.5
1838,2021-02-17,25,160.0,7.8,16.3
1839,2021-03-02,27,145.0,7.4,14.7
1840,2021-03-02,27,120.0,9.2,15.0
1841,2021-03-02,27,260.0,4.7,14.2
1842,2021-03-02,27,140.0,13.6,14.5
1843,2021-03-30,31,185.0,4.8,19.4
1844,2021-03-30,31,190.0,6.2,20.0
1845,2021-03-30,31,165.0,7.3,19.8
1846,2021-03-30,31,200.0,7.6,17.0
1847,2021-04-13,33,90.0,8.3,21.0
1848,2021-04-13,33,90.0,5.4,21.0
1849,2021-04-13,33,75.0,6.8,21.0
1850,2021-04-13,33,110.0,5.3,18.4
1852,2021-02-16,11,200.0,10.9,5.3
1853,2021-02-16,11,160.0,10.6,5.4
1854,2021-02-16,11,180.0,12.2,6.3
1855,2021-03-03,13,290.0,8.7,6.3
1856,2021-03-03,13,240.0,10.6,6.2
1857,2021-03-03,13,225.0,6.1,7.6
1859,2021-03-10,14,230.0,8.7,7.7
1861,2021-03-10,14,220.0,10.2,7.5
1862,2021-03-10,14,110.0,5.9,7.2
1863,2021-03-24,16,190.0,9.4,7.5
1864,2021-03-24,16,190.0,7.3,7.2
1869,2021-03-31,17,245.0,8.6,9.5
1870,2021-03-31,17,255.0,8.3,9.8
1871,2021-04-22,20,215.0,5.9,10.6
1872,2021-04-22,20,325.0,8.3,10.9
1873,2021-04-22,20,335.0,7.4,10.7
1875,2021-05-26,25,160.0,4.5,14.5
1876,2021-05-26,25,130.0,8.5,14.8
1877,2021-05-26,25,180.0,13.9,14.7
1878,2021-06-01,26,155.0,7.0,15.5
1880,2021-06-01,26,170.0,6.8,15.6
1881,2021-06-08,27,225.0,6.0,17.0
1883,2021-06-08,27,95.0,17.9,17.0
1884,2021-02-09,17,200.0,11.01,8.33
1885,2021-02-09,17,270.0,10.87,8.33
1886,2021-02-09,17,177.0,11.21,9.66
1889,2021-02-16,18,230.0,12.19,9.33
1890,2021-02-16,18,207.0,8.76,10.25
1891,2021-02-16,18,213.0,11.03,9.25
1893,2021-02-23,19,280.0,12.13,10.5
1894,2021-02-23,19,223.0,11.1,12.0
1895,2021-02-23,19,287.0,15.46,10.4
1898,2021-03-02,20,200.0,7.73,12.25
1899,2021-03-02,20,158.0,16.17,10.4
1900,2021-03-09,21,210.0,10.61,11.6
1901,2021-03-09,21,264.0,9.07,12.5
1902,2021-03-09,21,210.0,10.25,12.25
1903,2021-03-09,21,232.0,10.6,11.33
1904,2021-03-16,22,250.0,7.38,12.25
1905,2021-03-16,22,210.0,8.32,13.25
1906,2021-03-16,22,190.0,9.28,13.5
1907,2021-03-16,22,200.0,10.86,12.5
1908,2021-03-24,23,0.0,9.33,12.75
1909,2021-03-24,23,230.0,9.75,13.2
1910,2021-03-24,23,190.0,10.01,13.25
1911,2021-03-24,23,210.0,11.94,12.25
1913,2021-03-30,24,0.0,11.81,13.4
1914,2021-03-30,24,0.0,9.99,14.0
1915,2021-03-30,24,0.0,12.66,12.4
1917,2021-04-20,27,0.0,12.35,14.0
1918,2021-04-20,27,0.0,11.24,14.0
1920,2021-04-27,28,0.0,10.5,13.0
1922,2021-04-27,28,0.0,10.28,14.0
1923,2021-04-27,28,0.0,13.13,13.0
1924,2021-05-04,29,0.0,10.77,13.0
1925,2021-05-04,29,0.0,13.36,14.0
1926,2021-05-04,29,0.0,11.14,14.0
1928,2021-05-11,30,0.0,10.62,13.0
1931,2021-05-11,30,0.0,12.35,13.0
1932,2021-11-16,12,0.0,13.84,2.33
1934,2021-11-16,12,0.0,13.09,2.33
1935,2021-11-16,12,0.0,11.47,2.33
1936,2021-02-13,6,245.0,9.47,1.0
1937,2021-02-13,6,220.0,6.48,0.0
1938,2021-02-13,6,140.0,7.18,0.5
1939,2021-02-13,6,260.0,9.88,1.25
1940,2021-03-06,9,240.0,9.14,1.0
1942,2021-03-06,9,155.0,4.42,1.5
1943,2021-03-06,9,285.0,13.8,1.5
1944,2021-03-24,12,140.0,11.24,3.0
1945,2021-03-24,12,150.0,7.59,0.75
1946,2021-03-24,12,70.0,5.89,0.5
1947,2021-03-24,12,160.0,7.09,2.0
1948,2021-04-15,15,280.0,9.74,0.75
1949,2021-04-15,15,170.0,8.63,2.0
1950,2021-04-15,15,177.0,6.39,1.0
1952,2021-04-22,16,185.0,9.6,1.75
1953,2021-04-22,16,200.0,8.39,1.75
1954,2021-04-22,16,140.0,6.57,2.0
1955,2021-04-22,16,222.0,7.68,2.0
1957,2021-05-12,19,0.0,6.52,0.0
1958,2021-05-12,19,0.0,9.06,0.0
1959,2021-05-12,19,0.0,11.64,0.0
1960,2021-11-24,1,0.0,3.19,0.0
1961,2021-11-24,1,0.0,3.64,0.0
1962,2021-11-24,1,0.0,3.63,0.0
1963,2021-11-24,1,0.0,4.09,0.0
1964,2021-12-04,2,100.0,4.5,0.0
1965,2021-12-04,2,100.0,4.38,0.25
1971,2021-12-11,3,170.0,8.74,0.5
1972,2021-12-18,4,130.0,8.1,0.66
1973,2021-12-18,4,160.0,9.71,0.5
1974,2021-12-18,4,160.0,8.54,0.5
1975,2021-12-18,4,130.0,8.46,0.5
1976,2021-12-25,5,310.0,8.94,1.0
1978,2021-12-25,5,130.0,9.2,1.0
1979,2021-12-25,5,170.0,8.89,0.66
1981,2022-03-31,29,0.0,10.0,17.33
1983,2022-03-31,29,0.0,10.0,18.67
1984,2022-04-07,30,0.0,11.0,20.0
1987,2022-04-07,30,0.0,10.0,21.0
1988,2022-04-20,32,0.0,11.0,20.43
1990,2022-04-20,32,0.0,11.0,18.2
1991,2022-04-20,32,0.0,10.0,21.4
1992,2022-05-05,34,0.0,11.0,0.0
1993,2022-05-05,34,0.0,11.0,19.0
1995,2022-05-05,34,0.0,10.0,0.0
1997,2022-04-04,1,160.0,0.0,0.0
1999,2022-04-04,1,140.0,0.0,0.0
2000,2016-02-21,18,177.5,9.44,8.86
2004,2016-02-28,19,187.5,9.4,8.86
2006,2016-02-28,19,187.5,9.4,8.86
2008,2016-03-06,20,172.5,8.49,8.9
2009,2016-03-06,20,172.5,8.49,8.9
2010,2016-03-06,20,172.5,8.49,8.9
2012,2016-05-08,14,150.0,7.61,7.0
2013,2016-05-08,14,80.0,3.27,7.0
2014,2016-05-08,14,120.0,8.24,7.0
2017,2016-05-29,17,50.0,5.07,7.0
2018,2016-05-29,17,100.0,5.13,7.5
2019,2016-05-29,17,80.0,4.85,6.75
2020,2016-08-21,6,150.0,6.95,2.2
2021,2016-08-21,6,140.0,10.13,1.4
2022,2016-08-21,6,200.0,9.61,1.4
2023,2016-08-21,6,210.0,8.47,2.2
2027,2016-08-28,7,150.0,9.16,3.2
